First Name,Last Name,Gender,Email,Phone,Cell,Street,City,State,Postcode,Username,Password,Date of Birth,Registered Date
Lucy,Rodriquez,female,lucy.rodriquez@example.com,(456) 664-4183,(900) 542-4725,4477 Ash Dr,Athens,Alaska,98112,blackkoala434,madison,1985-05-28T16:28:34.400Z,2016-09-24T14:27:43.278Z
Rémy,Rossen,male,remy.rossen@example.com,(035) 3253654,(06) 42317650,1088 Burgemeester Peereboomweg,Budel-Schoot,Utrecht,6434 NI,bluedog488,asian,1994-12-23T07:18:50.697Z,2008-01-31T20:01:31.564Z
Ezra,Hall,male,ezra.hall@example.com,(981)-376-1958,(542)-771-8101,6081 Russell Street,Taupo,Hawke'S Bay,95845,purplewolf619,victory,1971-08-03T15:09:19.816Z,2004-02-28T03:29:41.514Z
Fernando,Ryan,male,fernando.ryan@example.com,0114324 087 8446,07539 351528,7217 Rectory Lane,Newry,Mid Glamorgan,IH7R 2HA,beautifulfrog355,charley,1985-07-01T23:14:54.730Z,2017-02-14T19:49:20.659Z
Johnni,Cruz,male,johnni.cruz@example.com,016977 3811,07369 375810,8441 Richmond Road,Stoke-on-Trent,Buckinghamshire,Z77 4ZS,smallpeacock655,right,1984-12-06T13:42:37.908Z,2007-11-21T14:55:30.384Z
Edouard,Gauthier,male,edouard.gauthier@example.com,03-71-31-27-63,06-97-79-50-92,7667 Avenue du Fort-Caire,Colombes,Vosges,55864,silverfish523,sixsix,1962-06-15T03:57:29.684Z,2017-04-07T22:29:26.737Z
Noémie,Roy,female,noemie.roy@example.com,F63 Q18-6385,X47 D96-1802,2285 Queen St,Vanier,Nova Scotia,C5M 6X0,lazydog130,wolfen,1960-02-20T06:28:38.448Z,2020-12-08T02:25:29.470Z
César,Narváez,male,cesar.narvaez@example.com,(667) 793 8655,(610) 210 8931,877 Callejón Francia,Colonia Soconusco,Quintana Roo,65458,bluegorilla612,azsxdc,1995-04-18T11:23:08.018Z,2017-07-15T04:52:03.828Z
Joel,Maunu,male,joel.maunu@example.com,03-429-803,048-836-64-64,6155 Otavalankatu,Iitti,Lapland,92789,crazybear492,77777,2000-12-02T04:29:11.576Z,2005-06-12T03:30:46.545Z
Elsa,Lira,female,elsa.lira@example.com,(642) 805 9227,(686) 571 3130,9142 Pasaje Valencia,Laguna Grande,Baja California,75600,angrypeacock102,wolfen,1977-04-17T18:19:07.913Z,2013-07-19T15:55:17.622Z
